airline_id,operator_state,region,year,fuel_burn_tonnes,g_i,year_shock,fuel_share_in_year
AL0001,Singapore,APAC,2019,641109.5809609329,-0.05410029758139982,0.10315010913164263,0.0010623402238135594
AL0002,Mexico,LAM,2019,473328.05810435873,0.017953952714200645,0.10315010913164263,0.0007843205750101917
AL0003,India,APAC,2019,1294948.1695193371,-0.003116586014171377,0.10315010913164263,0.002145772843032837
AL0004,China,APAC,2019,134763.53080914845,-0.019327799111566485,0.10315010913164263,0.00022330772107182137
AL0005,United Kingdom,EUR,2019,358905.9725957944,0.008111948877639982,0.10315010913164263,0.0005947193156651226
AL0006,Brazil,LAM,2019,992006.993072503,0.02508511608822915,0.10315010913164263,0.001643789084333583
AL0007,United States,NAM,2019,805969.9928026869,0.01934574173761537,0.10315010913164263,0.0013355194930290617
AL0008,Ethiopia,AFR,2019,1580928.8966545693,-0.028186692537429003,0.10315010913164263,0.002619652564524193
AL0009,India,APAC,2019,642096.5425936815,0.010674019414295789,0.10315010913164263,0.001063975652565471
AL0010,France,EUR,2019,302573.2611312498,0.11063331567695876,0.10315010913164263,0.000501374110598041
AL0011,United Kingdom,EUR,2019,622700.0212116076,-0.012182193761857252,0.10315010913164263,0.0010318349616786624
AL0012,China,APAC,2019,125002.12300159376,-0.03748371913991641,0.10315010913164263,0.00020713273872407668
AL0013,China,APAC,2019,825086.0583528766,0.041009662776482866,0.10315010913164263,0.0013671954591323676
AL0014,France,EUR,2019,780508.9839589217,0.05386512643259484,0.10315010913164263,0.001293329741640441
AL0015,United Arab Emirates,MEA,2019,393058.25169395626,0.048561764083807746,0.10315010913164263,0.0006513107953408806
AL0016,Qatar,MEA,2019,566492.3173713097,-0.014788701433860282,0.10315010913164263,0.0009386968984660539
AL0017,Canada,NAM,2019,149431.3116864474,0.06992379700968321,0.10315010913164263,0.0002476127292682089
AL0018,India,APAC,2019,272764.12285792205,-0.001413287540233954,0.10315010913164263,0.0004519793619226097
AL0019,Singapore,APAC,2019,180044.70711051227,-0.015395058169624748,0.10315010913164263,0.0002983401591995295
AL0020,Canada,NAM,2019,142209.8517161796,0.00566089907280173,0.10315010913164263,0.00023564652625253057
AL0021,China,APAC,2019,1233309.5821652517,0.025651979731171004,0.10315010913164263,0.002043635622454814
AL0022,China,APAC,2019,264316.0787492935,0.05856365712257822,0.10315010913164263,0.00043798066757195684
AL0023,Singapore,APAC,2019,1130483.8250220048,0.054953273027533805,0.10315010913164263,0.0018732498707809326
AL0024,United States,NAM,2019,564065.2469645941,0.02910002915766036,0.10315010913164263,0.0009346751608479435
AL0025,United States,NAM,2019,200011.42358472614,0.0673162222271589,0.10315010913164263,0.00033142568260762656
AL0026,United Arab Emirates,MEA,2019,402837.08151459123,0.03325958293594588,0.10315010913164263,0.0006675146465525834
AL0027,France,EUR,2019,1001635.2963726759,0.06583935615201865,0.10315010913164263,0.0016597435080180948
AL0028,Mexico,LAM,2019,3507377.811867901,-0.026154751792367738,0.10315010913164263,0.00581184346687452
AL0029,Singapore,APAC,2019,331841.4643704031,-0.032966959708684976,0.10315010913164263,0.0005498725116562488
AL0030,United Arab Emirates,MEA,2019,742389.999152394,0.06102881786466141,0.10315010913164263,0.0012301652966633194
AL0031,United Arab Emirates,MEA,2019,946443.7052563153,-0.025603297845040146,0.10315010913164263,0.001568289177899834
AL0032,China,APAC,2019,3277577.6324058734,0.017939231980984516,0.10315010913164263,0.005431056809909923
AL0033,United States,NAM,2019,1704683.4627105023,0.026075889919382724,0.10315010913164263,0.0028247180592634166
AL0034,China,APAC,2019,624760.466381691,0.010481966373821469,0.10315010913164263,0.0010352491888999452
AL0035,"Korea, Rep.",APAC,2019,591771.7413380002,0.011860421046048668,0.10315010913164263,0.0009805857575818377
AL0036,China,APAC,2019,1192755.4862678035,0.08570506180712573,0.10315010913164263,0.001976436116174347
AL0037,Germany,EUR,2019,196758.86433971408,-0.07118406033998798,0.10315010913164263,0.0003260360821104168
AL0038,United States,NAM,2019,404142.0527806845,0.06535494538891315,0.10315010913164263,0.0006696770280050861
AL0039,South Africa,AFR,2019,1270827.4108668554,0.12180689371174262,0.10315010913164263,0.0021058039314670127
AL0040,United States,NAM,2019,4553264.814506662,0.03094338242264265,0.10315010913164263,0.0075449135464100495
AL0041,China,APAC,2019,324079.5285014574,0.02924100818082329,0.10315010913164263,0.0005370107218263683
AL0042,Brazil,LAM,2019,387324.8885300501,0.05905483182492101,0.10315010913164263,0.0006418104189814768
AL0043,United Arab Emirates,MEA,2019,510976.9847342283,0.10315418162272076,0.10315010913164263,0.0008467061177162726
AL0044,South Africa,AFR,2019,2221444.0509834327,-0.01752195796476011,0.10315010913164263,0.0036810078033365817
AL0045,Singapore,APAC,2019,390309.17988650134,0.03350757334220904,0.10315010913164263,0.0006467554905288173
AL0046,Australia,APAC,2019,2435395.058757007,0.022551339005032898,0.10315010913164263,0.004035531847639027
AL0047,United States,NAM,2019,117342.84965125319,0.05237525107359195,0.10315010913164263,0.00019444106415410038
AL0048,Qatar,MEA,2019,310840.4288368742,0.036367467857180494,0.10315010913164263,0.000515073086641315
AL0049,United Arab Emirates,MEA,2019,293386.7049858503,0.0563861246300352,0.10315010913164263,0.0004861516768653369
AL0050,Brazil,LAM,2019,1132151.7659300123,0.013134692723138282,0.10315010913164263,0.001876013705186378
AL0051,Germany,EUR,2019,1424245.911398289,0.03196008622274083,0.10315010913164263,0.002360023567285613
AL0052,Turkey,EUR,2019,249454.1876860423,0.0031863047837126478,0.10315010913164263,0.0004133540122429841
AL0053,United States,NAM,2019,122199.1876468786,0.0034283798529581543,0.10315010913164263,0.00020248818019540844
AL0054,Germany,EUR,2019,650459.3643744568,0.024338406373083543,0.10315010913164263,0.0010778331306411937
AL0055,United Kingdom,EUR,2019,164382.95848965127,0.024319603796824636,0.10315010913164263,0.0002723881128890392
AL0056,United States,NAM,2019,2523597.692828751,-0.016899349689441137,0.10315010913164263,0.004181686590608672
AL0057,Ethiopia,AFR,2019,1551193.1528121028,0.09280233517235105,0.10315010913164263,0.0025703794328989877
AL0058,Germany,EUR,2019,746612.9120877328,0.024596636391217234,0.10315010913164263,0.0012371628059910523
AL0059,Canada,NAM,2019,784740.4370986085,-0.025348030516541976,0.10315010913164263,0.001300341402375153
AL0060,Turkey,EUR,2019,221698.11063760016,0.07406138370483567,0.10315010913164263,0.00036736125534231123
AL0061,Singapore,APAC,2019,1456368.8150618952,6.868718355373948e-05,0.10315010913164263,0.0024132523033409807
AL0062,Singapore,APAC,2019,293050.8319937971,0.050331253389786584,0.10315010913164263,0.00048559512397617873
AL0063,Japan,APAC,2019,1501719.4601331507,0.029319320935601658,0.10315010913164263,0.002488399853566131
AL0064,United States,NAM,2019,132600.14936532138,0.04002464908195829,0.10315010913164263,0.0002197229249691261
AL0065,France,EUR,2019,140972.08456932713,0.036840843447258784,0.10315010913164263,0.00023359550429487172
AL0066,China,APAC,2019,489562.58785272855,0.006993288911895119,0.10315010913164263,0.0008112217389898983
AL0067,Germany,EUR,2019,175107.3642636839,0.03163785148688565,0.10315010913164263,0.0002901588153845109
AL0068,United States,NAM,2019,844295.6260215818,0.11132368214874111,0.10315010913164263,0.0013990263614033127
AL0069,Canada,NAM,2019,529088.5013408428,-0.05950423379333,0.10315010913164263,0.0008767175122997616
AL0070,China,APAC,2019,122335.43602050186,0.032638284267308165,0.10315010913164263,0.00020271394835116147
AL0071,Japan,APAC,2019,486569.61111263925,0.04739925890449966,0.10315010913164263,0.0008062622754685928
AL0072,United Kingdom,EUR,2019,268507.10230867984,-0.012090860672049134,0.10315010913164263,0.00044492533512693704
AL0073,Brazil,LAM,2019,1238214.302367851,-0.024813921806398125,0.10315010913164263,0.0020517629094467856
AL0074,Japan,APAC,2019,178645.61018566004,0.11635663649353177,0.10315010913164263,0.00029602180835214926
AL0075,United States,NAM,2019,250882.31570060496,0.015139850632287509,0.10315010913164263,0.0004157204685862989
AL0076,South Africa,AFR,2019,1911429.2228785667,0.11315980646410966,0.10315010913164263,0.003167302764986025
AL0077,Kenya,AFR,2019,7061911.678273357,0.05143053241184904,0.10315010913164263,0.011701826108422585
AL0078,Mexico,LAM,2019,5103647.034314694,0.03304564241448451,0.10315010913164263,0.008456915469228759
AL0079,Turkey,EUR,2019,435556.97032573627,0.04903882048193778,0.10315010913164263,0.0007217326071556472
AL0080,United States,NAM,2019,555408.2230175824,0.05540021781824267,0.10315010913164263,0.0009203301798485281
AL0081,China,APAC,2019,2887759.710161895,0.077186208935084,0.10315010913164263,0.004785115349882921
AL0082,Chile,LAM,2019,342577.0942079233,0.04743263381987867,0.10315010913164263,0.000567661812803919
AL0083,Qatar,MEA,2019,117465.18351723111,0.035784425098007416,0.10315010913164263,0.00019464377550083798
AL0084,China,APAC,2019,444309.88848597865,0.03705150067735116,0.10315010913164263,0.0007362364881044179
AL0085,Brazil,LAM,2019,720238.6617559006,0.08407653288315915,0.10315010913164263,0.001193459782619544
AL0086,Japan,APAC,2019,138439.8485559513,0.06267872968608384,0.10315010913164263,0.00022939950371542888
AL0087,Turkey,EUR,2019,385415.4825251871,-0.010080862132904128,0.10315010913164263,0.00063864646875706
AL0088,Germany,EUR,2019,353620.49211033125,0.004574848109628164,0.10315010913164263,0.0005859610960274234
AL0089,Germany,EUR,2019,834261.5927910326,0.04322995296309502,0.10315010913164263,0.0013823996295240027
AL0090,China,APAC,2019,156645.64239046388,0.005083146988012911,0.10315010913164263,0.0002595671188489768
AL0091,United States,NAM,2019,360196.1624982204,0.014940519224081517,0.10315010913164263,0.0005968572038989107
AL0092,Brazil,LAM,2019,497699.1267793703,-0.008236783268760144,0.10315010913164263,0.000824704258735494
AL0093,France,EUR,2019,791128.4119127238,0.019534285619127734,0.10315010913164263,0.001310926492343035
AL0094,Qatar,MEA,2019,245864.82666982216,0.04694510560620324,0.10315010913164263,0.0004074063198381948
AL0095,United Kingdom,EUR,2019,736423.0444416213,0.06980646465550418,0.10315010913164263,0.0012202778512231398
AL0096,India,APAC,2019,133823.13337329155,0.030369237931748748,0.10315010913164263,0.000221749450766479
AL0097,United States,NAM,2019,241766.82025861536,0.11299400118443606,0.10315010913164263,0.0004006157848386311
AL0098,Germany,EUR,2019,103945.19174028191,0.02694346450444804,0.10315010913164263,0.00017224069260079173
AL0099,United States,NAM,2019,1510070.240182584,0.15773692625308317,0.10315010913164263,0.00250223737808641
AL0100,United States,NAM,2019,367478.4734377355,0.07006608356401522,0.10315010913164263,0.0006089242390253688
AL0101,Canada,NAM,2019,155320.9547671232,0.04986889727289816,0.10315010913164263,0.0002573720667267585
AL0102,Japan,APAC,2019,264998.97249585675,0.010038654237695302,0.10315010913164263,0.00043911224556908717
AL0103,France,EUR,2019,320977.68531497783,-0.08297976080951726,0.10315010913164263,0.0005318708629273323
AL0104,Qatar,MEA,2019,943543.6139383253,0.0237947354940532,0.10315010913164263,0.001563483628659382
AL0105,Brazil,LAM,2019,3022883.5882122605,0.037128731774505666,0.10315010913164263,0.005009020178501179
AL0106,United Kingdom,EUR,2019,138819.5906999518,0.10689812819820113,0.10315010913164263,0.00023002874927068056
AL0107,Turkey,EUR,2019,230754.14017826403,-0.025189982041001716,0.10315010913164263,0.0003823674020835144
AL0108,"Korea, Rep.",APAC,2019,8844067.230469162,0.10623545453279336,0.10315010913164263,0.014654918035940726
AL0109,United Kingdom,EUR,2019,1310900.8412897126,0.019950223776503323,0.10315010913164263,0.0021722069588255904
AL0110,United Arab Emirates,MEA,2019,369727.7405629476,0.05896227514021812,0.10315010913164263,0.0006126513506021959
AL0111,India,APAC,2019,985415.6397143728,-0.0715938566211788,0.10315010913164263,0.001632866989250844
AL0112,Mexico,LAM,2019,5039615.536414133,0.03556121526037661,0.10315010913164263,0.008350813115074511
AL0113,United States,NAM,2019,317243.2953800028,0.016250717842756876,0.10315010913164263,0.0005256828527070168
AL0114,Chile,LAM,2019,263488.4035084377,0.05729717640619128,0.10315010913164263,0.0004366091817499889
AL0115,United States,NAM,2019,1832949.4117444907,0.0336490115102709,0.10315010913164263,0.003037259067931838
AL0116,India,APAC,2019,744247.4099043235,-0.015689584856486145,0.10315010913164263,0.0012332430889979169
AL0117,Ethiopia,AFR,2019,982071.2243911003,0.06787950549156115,0.10315010913164263,0.0016273251801302792
AL0118,United States,NAM,2019,206117.20820120897,0.05778514957206353,0.10315010913164263,0.00034154317388939706
AL0119,Germany,EUR,2019,4252629.746940211,0.05387072784517317,0.10315010913164263,0.007046751087995301
AL0120,Ethiopia,AFR,2019,3474921.0038967566,0.07035661448509685,0.10315010913164263,0.005758061440106711
AL0121,United States,NAM,2019,773513.984504099,0.07403869765003937,0.10315010913164263,0.0012817387913456818
AL0122,Singapore,APAC,2019,925616.2904396378,0.02912753324376369,0.10315010913164263,0.0015337774482753234
AL0123,India,APAC,2019,367551.1469145633,-0.024306298910741896,0.10315010913164263,0.0006090446614304166
AL0124,United Arab Emirates,MEA,2019,799639.4713982127,-0.025398490885955728,0.10315010913164263,0.0013250296053009677
AL0125,Australia,APAC,2019,316669.940322369,0.08399004935941976,0.10315010913164263,0.0005247327840162036
AL0126,China,APAC,2019,715829.2075862159,0.058417897566443555,0.10315010913164263,0.0011861531681676165
AL0127,China,APAC,2019,876883.3550333487,0.03408117390171973,0.10315010913164263,0.0014530253287562054
AL0128,Germany,EUR,2019,263930.5389423649,0.012614069792016958,0.10315010913164263,0.00043734181509346527
AL0129,China,APAC,2019,503078.65754417906,0.03126228391761061,0.10315010913164263,0.0008336183228618374
AL0130,United Kingdom,EUR,2019,662265.8950022892,0.03099176840241837,0.10315010913164263,0.0010973969505592076
AL0131,Kenya,AFR,2019,152801.69970382805,0.01652965174968752,0.10315010913164263,0.0002531975760199233
AL0132,Turkey,EUR,2019,263563.82697232615,0.00203900292582964,0.10315010913164263,0.00043673416097645426
AL0133,United Kingdom,EUR,2019,211412.35083092158,0.11657267409952857,0.10315010913164263,0.0003503174040263764
AL0134,China,APAC,2019,233972.24473134635,0.039142397534090496,0.10315010913164263,0.000387699909992775
AL0135,Kenya,AFR,2019,555509.6375946946,0.0057678156910955895,0.10315010913164263,0.0009204982272272396
AL0136,France,EUR,2019,1927764.590357308,-0.02208246543558958,0.10315010913164263,0.003194371020489916
AL0137,Canada,NAM,2019,569200.5267888198,0.0009722532122687783,0.10315010913164263,0.00094318449291819
AL0138,United Arab Emirates,MEA,2019,1456566.5518386208,0.058789059231358715,0.10315010913164263,0.002413579959856935
AL0139,Qatar,MEA,2019,5184777.236598196,0.06033534874073347,0.10315010913164263,0.008591350953912535
AL0140,Mexico,LAM,2019,462777.94800284144,0.021265858194466095,0.10315010913164263,0.0007668386863294693
AL0141,Australia,APAC,2019,378990.13098578097,0.03206842775590218,0.10315010913164263,0.000627999444293282
AL0142,Turkey,EUR,2019,134830.88804119133,0.017797901194129537,0.10315010913164263,0.00022341933427974853
AL0143,France,EUR,2019,10795813.86097483,-0.014313451985438971,0.10315010913164263,0.017889028106751068
AL0144,Brazil,LAM,2019,195218.84879014894,0.0820674495794708,0.10315010913164263,0.00032348422434352896
AL0145,Germany,EUR,2019,447428.19637979753,0.04490541241190939,0.10315010913164263,0.0007414036295794741
AL0146,Chile,LAM,2019,782217.7520486334,0.12905421012119228,0.10315010913164263,0.00129616122806457
AL0147,United States,NAM,2019,644046.203722037,-0.00024681149364964156,0.10315010913164263,0.0010672063068887982
AL0148,France,EUR,2019,1965807.1752529289,0.024498665265474652,0.10315010913164263,0.003257408868234891
AL0149,United Arab Emirates,MEA,2019,576559.2186787742,0.06531880873816373,0.10315010913164263,0.0009553780938586595
AL0150,Kenya,AFR,2019,362669.0948951685,0.020196210897332565,0.10315010913164263,0.0006009549363834447
AL0151,China,APAC,2019,262131.69682544895,-0.025507801115845198,0.10315010913164263,0.0004343610729647554
AL0152,India,APAC,2019,360624.5097422813,-0.007954784875953233,0.10315010913164263,0.0005975669897461967
AL0153,Japan,APAC,2019,204946.0116017832,0.03403000262562976,0.10315010913164263,0.0003396024615766926
AL0154,"Korea, Rep.",APAC,2019,201284.8834001556,0.04373469315628834,0.10315010913164263,0.00033353584852234146
AL0155,Singapore,APAC,2019,159572.6223604859,0.026215786936499872,0.10315010913164263,0.0002644172234937871
AL0156,Canada,NAM,2019,415711.2249653538,0.07013940491447666,0.10315010913164263,0.0006888475369679652
AL0157,United Kingdom,EUR,2019,3938731.088884046,0.06971062168211761,0.10315010913164263,0.00652661041227128
AL0158,Germany,EUR,2019,4867390.402844038,0.042911165755188926,0.10315010913164263,0.008065430253272724
AL0159,China,APAC,2019,1955097.8860609164,0.031075676214073103,0.10315010913164263,0.003239663214426264
AL0160,United States,NAM,2019,1007670.4433673328,0.019884306975614593,0.10315010913164263,0.0016697439503752995
AL0161,China,APAC,2019,177770.54686184486,0.05204100525702832,0.10315010913164263,0.000294571798876578
AL0162,Mexico,LAM,2019,2348043.141040678,0.06678503655244453,0.10315010913164263,0.0038907867703961967
AL0163,South Africa,AFR,2019,363133.5385420239,0.03242419259259993,0.10315010913164263,0.0006017245351890181
AL0164,United States,NAM,2019,384580.1164738885,0.04799992933693578,0.10315010913164263,0.0006372622390024951
AL0165,Singapore,APAC,2019,281175.70775057236,0.01702747270855272,0.10315010913164263,0.00046591764212127894
AL0166,United Arab Emirates,MEA,2019,428068.58114021714,-0.026461983171463095,0.10315010913164263,0.000709324093416976
AL0167,Turkey,EUR,2019,238205.71199375662,-0.010038173948525325,0.10315010913164263,0.00039471490819685014
AL0168,Japan,APAC,2019,344530.11204141274,0.06063064021599188,0.10315010913164263,0.0005708980293009978
AL0169,United Kingdom,EUR,2019,180449.80986655384,0.04788012060962836,0.10315010913164263,0.00029901142814527765
AL0170,Canada,NAM,2019,232802.05045168774,0.09360854688152292,0.10315010913164263,0.0003857608585577698
AL0171,France,EUR,2019,7322101.992586922,0.032243937158961934,0.10315010913164263,0.012132970245011048
AL0172,Singapore,APAC,2019,363847.2427758203,0.06459094951511109,0.10315010913164263,0.0006029071672038626
AL0173,Singapore,APAC,2019,319539.91458032717,0.08292067722228154,0.10315010913164263,0.0005294884282712288
AL0174,China,APAC,2019,809172.3534453877,0.0697780065905943,0.10315010913164263,0.0013408259127472
AL0175,United States,NAM,2019,990516.0464840588,0.005658122131877639,0.10315010913164263,0.00164131853549217
AL0176,Germany,EUR,2019,2225219.3292052043,0.022617366889618337,0.10315010913164263,0.0036872635668287823
AL0177,India,APAC,2019,308023.87657615525,0.03519090958809422,0.10315010913164263,0.0005104059644396004
AL0178,Ethiopia,AFR,2019,1305816.4248036891,-0.009434747611878264,0.10315010913164263,0.0021637819090242327
AL0179,Australia,APAC,2019,555050.1679069605,0.04897154060417301,0.10315010913164263,0.0009197368704398844
AL0180,United States,NAM,2019,496223.6162975921,0.07095953998568776,0.10315010913164263,0.000822259288044053
AL0181,Mexico,LAM,2019,2836386.8346660417,0.01076580375180202,0.10315010913164263,0.004699988760493303
AL0182,India,APAC,2019,182101.25820925375,0.10890216866410342,0.10315010913164263,0.00030174793381310865
AL0183,Brazil,LAM,2019,479158.79748705146,0.01837104203978386,0.10315010913164263,0.0007939823070521994
AL0184,Qatar,MEA,2019,222787.25202893864,0.021881680970561153,0.10315010913164263,0.0003691659994044806
AL0185,Mexico,LAM,2019,2555913.582078602,0.02046884619207218,0.10315010913164263,0.004235235110296935
AL0186,United States,NAM,2019,178249.6112646939,0.001668957883465938,0.10315010913164263,0.0002953656247685276
AL0187,United States,NAM,2019,166202.1030171643,0.04671432637962841,0.10315010913164263,0.00027540249679765396
AL0188,United States,NAM,2019,207494.68767958347,0.03080103522382505,0.10315010913164263,0.00034382570389801363
AL0189,China,APAC,2019,937827.228729761,0.09645487426757213,0.10315010913164263,0.0015540113853452695
AL0190,China,APAC,2019,875682.0660597528,0.054292397182859116,0.10315010913164263,0.0014510347523633807
AL0191,China,APAC,2019,2190040.779313221,0.05150757958789017,0.10315010913164263,0.003628971521793874
AL0192,Turkey,EUR,2019,1029312.9580083193,0.021138486157221692,0.10315010913164263,0.0017056063279319296
AL0193,United States,NAM,2019,973027.4944597642,-0.026569308579775165,0.10315010913164263,0.0016123394142570494
AL0194,Turkey,EUR,2019,249145.57139504567,0.026419864053281953,0.10315010913164263,0.0004128426246278459
AL0195,China,APAC,2019,169654.0933334357,-0.004011677655887232,0.10315010913164263,0.0002811225613140716
AL0196,Japan,APAC,2019,746387.3287440479,0.06807373071660759,0.10315010913164263,0.001236789006773359
AL0197,United States,NAM,2019,124812.24612063702,0.028782284511544003,0.10315010913164263,0.0002068181063208138
AL0198,United Kingdom,EUR,2019,1926592.460766037,0.09662971412268007,0.10315010913164263,0.0031924287621782196
AL0199,Chile,LAM,2019,249345.84242210095,0.05941241243432582,0.10315010913164263,0.00041317448048217015
AL0200,Qatar,MEA,2019,465445.6115673895,0.0634214382259241,0.10315010913164263,0.0007712590949341474
AL0201,Ethiopia,AFR,2019,181690.88700552902,0.03922628589776844,0.10315010913164263,0.00030106793487165136
AL0202,Japan,APAC,2019,652785.7956113884,0.038346893376506,0.10315010913164263,0.0010816881057567182
AL0203,Singapore,APAC,2019,584541.4988631232,0.05613091468781235,0.10315010913164263,0.0009686050016594658
AL0204,China,APAC,2019,2880885.6214240394,0.06690675267655283,0.10315010913164263,0.004773724752728933
AL0205,Turkey,EUR,2019,295962.7381585744,0.001577189508245723,0.10315010913164263,0.0004904202508167057
AL0206,United States,NAM,2019,1052256.790340264,0.049691227092345844,0.10315010913164263,0.0017436250328436945
AL0207,India,APAC,2019,163857.00998183797,0.1348434889298427,0.10315010913164263,0.0002715165984520418
AL0208,Canada,NAM,2019,125851.89952084827,0.026412398924181825,0.10315010913164263,0.0002085408471106387
AL0209,Brazil,LAM,2019,2366086.1218563677,0.01977826337583541,0.10315010913164263,0.003920684598859895
AL0210,United States,NAM,2019,682604.2651743663,0.002301202663895857,0.10315010913164263,0.0011310983166941866
AL0211,United Kingdom,EUR,2019,182540.15152398823,-0.02794256897772801,0.10315010913164263,0.000302475194855607
AL0212,United Kingdom,EUR,2019,393971.17187001253,0.07755545708564576,0.10315010913164263,0.0006528235348989167
AL0213,United States,NAM,2019,1029151.8273926373,0.032438616732104686,0.10315010913164263,0.0017053393290608937
AL0214,Singapore,APAC,2019,342767.36504341854,0.04198510402566326,0.10315010913164263,0.0005679770980031549
AL0215,India,APAC,2019,558541.9184161422,0.1037933707953752,0.10315010913164263,0.0009255228189385254
AL0216,United Kingdom,EUR,2019,463576.9119347621,0.13036756974067296,0.10315010913164263,0.0007681625965430453
AL0217,Brazil,LAM,2019,946938.5505881533,-0.005541836768008679,0.10315010913164263,0.0015691091533239884
AL0218,India,APAC,2019,422964.3449415039,0.07218234043768867,0.10315010913164263,0.0007008662016824447
AL0219,United States,NAM,2019,1695329.2127496193,0.05495381741752001,0.10315010913164263,0.0028092177512159876
AL0220,India,APAC,2019,653193.9160089982,0.045983694612599005,0.10315010913164263,0.0010823643750364406
AL0221,Brazil,LAM,2019,678287.7080002242,0.04919914906991206,0.10315010913164263,0.001123945635700699
AL0222,China,APAC,2019,622274.7294985038,0.029138485987346863,0.10315010913164263,0.0010311302389493474
AL0223,Turkey,EUR,2019,369512.57942986523,0.09365132548588495,0.10315010913164263,0.0006122948213393948
AL0224,Singapore,APAC,2019,323698.9365055046,0.05466593510877776,0.10315010913164263,0.000536380068037735
AL0225,Singapore,APAC,2019,296407.51784536015,0.04388119121119991,0.10315010913164263,0.0004911572657764564
AL0226,United States,NAM,2019,583663.3593381748,0.07997696824781045,0.10315010913164263,0.0009671498948147436
AL0227,Japan,APAC,2019,1312239.2755552542,0.06596316125180421,0.10315010913164263,0.0021744247895981146
AL0228,Singapore,APAC,2019,3264875.328443224,0.048511730386271726,0.10315010913164263,0.005410008663328799
AL0229,Ethiopia,AFR,2019,480647.1528223465,0.04318220322747009,0.10315010913164263,0.0007964485620996462
AL0230,India,APAC,2019,1614950.2585742672,0.10033815542297296,0.10315010913164263,0.002676027110014594
AL0231,United Kingdom,EUR,2019,463391.49062037084,0.050492103372317285,0.10315010913164263,0.0007678553471640312
AL0232,Australia,APAC,2019,302846.3520159941,0.026519070706257388,0.10315010913164263,0.000501826631415443
AL0233,Brazil,LAM,2019,360853.3885054404,-0.004173942127724296,0.10315010913164263,0.0005979462495852341
AL0234,Mexico,LAM,2019,162607.73606990094,0.016351839856641178,0.10315010913164263,0.00026944650939609226
AL0235,China,APAC,2019,469595.3523813484,-0.011876033237640977,0.10315010913164263,0.0007781353555859719
AL0236,United States,NAM,2019,192904.98413449543,0.03441831236198722,0.10315010913164263,0.00031965007247751427
AL0237,Japan,APAC,2019,780184.7306931322,0.040393472090817596,0.10315010913164263,0.0012927924430300617
AL0238,China,APAC,2019,159253.56674044163,-0.0519165696777959,0.10315010913164263,0.00026388853755791516
AL0239,Turkey,EUR,2019,375416.552762782,0.030844652800992755,0.10315010913164263,0.0006220779045097933
AL0240,Kenya,AFR,2019,1323536.5046471162,0.0560763794872121,0.10315010913164263,0.0021931446796735884
AL0241,Germany,EUR,2019,10284159.303707017,0.03677151115210572,0.10315010913164263,0.017041199228467252
AL0242,China,APAC,2019,115230.48239282098,-0.008077907512423932,0.10315010913164263,0.0001909408002791856
AL0243,France,EUR,2019,222224.83764422388,0.08085701235944101,0.10315010913164263,0.00036823405977812483
AL0244,Japan,APAC,2019,153043.57629043865,0.0022504998461087174,0.10315010913164263,0.00025359837369131363
AL0245,United States,NAM,2019,1173931.6460706599,-0.01902992999239099,0.10315010913164263,0.0019452443773485273
AL0246,Germany,EUR,2019,556593.6346492663,-0.013126937290692156,0.10315010913164263,0.000922294446949679
AL0247,United States,NAM,2019,207276.43460789978,0.029520455530476875,0.10315010913164263,0.0003434640511885456
AL0248,Japan,APAC,2019,369523.0613315675,0.06941539546363101,0.10315010913164263,0.0006123121902044548
AL0249,South Africa,AFR,2019,116676.7628137721,0.07671910469875831,0.10315010913164263,0.00019333733577283317
AL0250,Germany,EUR,2019,120424.37177531516,0.03848259853936405,0.10315010913164263,0.00019954725036653496
AL0251,Germany,EUR,2019,235412.56998243713,-0.01765612859013827,0.10315010913164263,0.0003900865775688775
AL0252,Qatar,MEA,2019,218017.70641743156,0.003812661785505312,0.10315010913164263,0.0003612627012743499
AL0253,China,APAC,2019,325398.2957271902,-0.005830874200749653,0.10315010913164263,0.000539195963649838
AL0254,China,APAC,2019,239796.0343850109,0.02293875308342007,0.10315010913164263,0.00039735012609911345
AL0255,United Kingdom,EUR,2019,486537.517429016,-0.04089493416141669,0.10315010913164263,0.000806209095151131
AL0256,France,EUR,2019,332242.54918214475,0.03451000315489268,0.10315010913164263,0.0005505371227326192
AL0257,United States,NAM,2019,1782329.2372202873,0.05586177597147565,0.10315010913164263,0.0029533797294684803
AL0258,India,APAC,2019,222253.585543798,0.024093332492295567,0.10315010913164263,0.0003682816960184411
AL0259,Turkey,EUR,2019,992219.4378604611,0.048455705055442846,0.10315010913164263,0.001644141112520791
AL0260,China,APAC,2019,881410.8097251697,-0.007497886714162058,0.10315010913164263,0.0014605274740578022
AL0261,United States,NAM,2019,399260.7033110707,-0.028146376422618052,0.10315010913164263,0.0006615884671068242
AL0262,India,APAC,2019,127816.2359177532,0.004559348777309142,0.10315010913164263,0.00021179581884948762
AL0263,United States,NAM,2019,865812.539776836,0.07632234610356499,0.10315010913164263,0.0014346806140511559
AL0264,United States,NAM,2019,197772.13841463756,0.07123618574755927,0.10315010913164263,0.00032771511146749687
AL0265,United States,NAM,2019,747705.6028879037,0.011761526379216451,0.10315010913164263,0.0012389734315435088
AL0266,United States,NAM,2019,138980.41203012614,0.07818508310263526,0.10315010913164263,0.00023029523564518668
AL0267,Mexico,LAM,2019,2434299.8670824217,0.01703658838855226,0.10315010913164263,0.004033717078053219
AL0268,China,APAC,2019,517471.14706230874,0.09050683547362445,0.10315010913164263,0.0008574671639803978
AL0269,United Kingdom,EUR,2019,1609401.5234539104,0.04933434768630768,0.10315010913164263,0.0026668326685576334
AL0270,South Africa,AFR,2019,245643.24083100836,0.011949718558345902,0.10315010913164263,0.00040703914462105557
AL0271,Singapore,APAC,2019,1237829.4622401563,0.061837690099565724,0.10315010913164263,0.0020511252163604105
AL0272,China,APAC,2019,207040.19195037297,-0.0009633074898351551,0.10315010913164263,0.0003430725891278864
AL0273,France,EUR,2019,330547.0262422332,-0.007409997016787226,0.10315010913164263,0.0005477275839689544
AL0274,Brazil,LAM,2019,7884299.254517013,-0.02802222074117696,0.10315010913164263,0.013064550091581112
AL0275,Germany,EUR,2019,998095.6522797165,0.040343388365659934,0.10315010913164263,0.0016538781982339253
AL0276,"Korea, Rep.",APAC,2019,202119.62085134943,0.027873638169052785,0.10315010913164263,0.00033491903666530706
AL0277,United States,NAM,2019,366999.5897778381,0.026915469570105093,0.10315010913164263,0.0006081307126305931
AL0278,Australia,APAC,2019,620726.2008292739,0.013605914761225059,0.10315010913164263,0.0010285642746557149
AL0279,India,APAC,2019,1900972.4478344552,0.08751538716328884,0.10315010913164263,0.0031499755356470416
AL0280,Ethiopia,AFR,2019,220634.67762502335,0.013055761782935795,0.10315010913164263,0.0003655991109318373
AL0281,Japan,APAC,2019,7757809.323758316,0.0010635023685031247,0.10315010913164263,0.012854952005165142
AL0282,Germany,EUR,2019,267109.8439609988,0.07984449250941911,0.10315010913164263,0.00044261003086401216
AL0283,United States,NAM,2019,434305.64341147733,0.08685135067878012,0.10315010913164263,0.0007196591162055271
AL0284,United Arab Emirates,MEA,2019,435645.1673824798,0.043554351327201264,0.10315010913164263,0.0007218787526567956
AL0285,India,APAC,2019,2049680.8758662236,-0.03960111200555157,0.10315010913164263,0.003396390422290045
AL0286,China,APAC,2019,621636.387219185,0.006011560390044919,0.10315010913164263,0.0010300724842377976
AL0287,China,APAC,2019,1128408.1135398308,0.05451612596876221,0.10315010913164263,0.0018698103467650225
AL0288,Qatar,MEA,2019,767478.1828217631,0.03070894036819071,0.10315010913164263,0.0012717372641488864
AL0289,Australia,APAC,2019,1117631.7611383507,0.09216302312488886,0.10315010913164263,0.0018519535669538037
AL0290,Mexico,LAM,2019,5424764.875509817,-0.02467658117164373,0.10315010913164263,0.008989018575182096
AL0291,United States,NAM,2019,1101607.0673897108,0.057135239013110545,0.10315010913164263,0.001825400108311121
AL0292,China,APAC,2019,562576.6967937498,0.004918669612964572,0.10315010913164263,0.0009322085829514125
AL0293,India,APAC,2019,486002.0460255039,0.08292165673084191,0.10315010913164263,0.0008053218009544038
AL0294,Japan,APAC,2019,3775747.424372559,0.026995321490210073,0.10315010913164263,0.006256540976753613
AL0295,Australia,APAC,2019,126269.28977725809,0.07122583198909019,0.10315010913164263,0.0002092324768594055
AL0296,Canada,NAM,2019,336874.4460383155,0.004098836556654224,0.10315010913164263,0.000558212332227212
AL0297,Chile,LAM,2019,679646.4932984463,-0.026379952461558095,0.10315010913164263,0.0011261971888215621
AL0298,South Africa,AFR,2019,1018580.4107117592,-0.014415323438587369,0.10315010913164263,0.0016878221346587174
AL0299,India,APAC,2019,233224.7362336167,0.005732038315770963,0.10315010913164263,0.00038646126317113435
AL0300,Germany,EUR,2019,541895.4391813712,-0.010992545601443665,0.10315010913164263,0.0008979390407496732
AL0301,Japan,APAC,2019,285915.1559462516,0.07801845339808719,0.10315010913164263,0.00047377106781709217
AL0302,China,APAC,2019,507706.5742525629,0.08355641824807163,0.10315010913164263,0.0008412869371171507
AL0303,India,APAC,2019,323390.0363183985,0.04092185917024372,0.10315010913164263,0.0005358682099971571
AL0304,India,APAC,2019,324621.9786113299,-0.0113678034065691,0.10315010913164263,0.0005379095799751826
AL0305,Australia,APAC,2019,424046.6419031224,0.025265169873469044,0.10315010913164263,0.0007026596042934543
AL0306,France,EUR,2019,1250112.3642704366,0.0025609835596871883,0.10315010913164263,0.002071478399777776
AL0307,Germany,EUR,2019,120826.07724925934,0.08816297847296994,0.10315010913164263,0.00020021288990113272
AL0308,Germany,EUR,2019,290707.2629894497,0.04263774058832771,0.10315010913164263,0.00048171175100136023
AL0309,United States,NAM,2019,970172.7755451942,0.0495774616055874,0.10315010913164263,0.001607609048621141
AL0310,South Africa,AFR,2019,994570.1704987938,0.014012675251074032,0.10315010913164263,0.0016480363558790158
AL0311,Qatar,MEA,2019,513180.30824942887,-0.05045286421673233,0.10315010913164263,0.0008503570991799461
AL0312,Germany,EUR,2019,338804.66294954874,-0.0008453739906615597,0.10315010913164263,0.0005614107668262001
AL0313,Qatar,MEA,2019,1738798.923166354,-0.014665287151767403,0.10315010913164263,0.0028812485292056223
AL0314,Australia,APAC,2019,6787271.962588479,0.044810192138723,0.10315010913164263,0.011246738825853109
AL0315,Germany,EUR,2019,4930306.984478459,0.03386161103128182,0.10315010913164263,0.008169685153526925
AL0316,South Africa,AFR,2019,334707.0988958478,-0.002065091924302792,0.10315010913164263,0.0005546209648279606
AL0317,Mexico,LAM,2019,1099831.9248169512,0.014455644099587453,0.10315010913164263,0.0018224586371273336
AL0318,Germany,EUR,2019,496689.08940843295,0.09265907008755983,0.10315010913164263,0.0008230305927062118
AL0319,United States,NAM,2019,458914.5813255805,-0.008373722374472758,0.10315010913164263,0.0007604369572920658
AL0320,India,APAC,2019,2644963.052284376,-0.006718168145165002,0.10315010913164263,0.004382793089335538
AL0321,Canada,NAM,2019,11985964.22658585,0.02086630856451552,0.10315010913164263,0.019861147450030772
AL0322,United States,NAM,2019,1542450.1003207115,0.0020345228348423866,0.10315010913164263,0.0025558918996966343
AL0323,"Korea, Rep.",APAC,2019,370507.94713696407,0.012850105743365793,0.10315010913164263,0.0006139441792403503
AL0324,Ethiopia,AFR,2019,2152098.5220610728,0.05125794815856599,0.10315010913164263,0.003566099920341867
AL0325,Chile,LAM,2019,504819.5081680613,0.0992889657959621,0.10315010913164263,0.0008365029711284084
AL0326,United States,NAM,2019,168349.55058322818,-0.04117975629144223,0.10315010913164263,0.00027896088992686096
AL0327,United States,NAM,2019,609801.1342179939,0.029270225962955112,0.10315010913164263,0.001010461070377268
AL0328,Canada,NAM,2019,1010853.503472727,0.031657540918615695,0.10315010913164263,0.0016750183884514053
AL0329,United States,NAM,2019,446733.07858730457,0.026642715697099893,0.10315010913164263,0.0007402517959254724
AL0330,China,APAC,2019,790877.0462588243,0.022515561793038662,0.10315010913164263,0.0013105099709667324
AL0331,Turkey,EUR,2019,220289.86816270952,0.01638518176379497,0.10315010913164263,0.0003650277500097022
AL0332,France,EUR,2019,183114.84795596902,0.07016771265679558,0.10315010913164263,0.0003034274862490069
AL0333,India,APAC,2019,1286737.0355739226,0.011394494879106102,0.10315010913164263,0.0021321667168223064
AL0334,China,APAC,2019,884689.8400159616,0.024907362707037056,0.10315010913164263,0.0014659609379717093
AL0335,Mexico,LAM,2019,462110.24225642084,0.029995453362754818,0.10315010913164263,0.0007657322753614241
AL0336,China,APAC,2019,443604.5651230331,0.03429982322887501,0.10315010913164263,0.0007350677434755677
AL0337,India,APAC,2019,1561172.6832688032,0.02316544892988312,0.10315010913164263,0.002586915851841651
AL0338,United States,NAM,2019,224210.9752927619,0.06996983664397548,0.10315010913164263,0.0003715251569270863
AL0339,United Arab Emirates,MEA,2019,153725.2226682323,0.02965284811892727,0.10315010913164263,0.0002547278847562733
AL0340,United States,NAM,2019,314660.41276009806,0.03696243541077478,0.10315010913164263,0.0005214029289903863
AL0341,United Kingdom,EUR,2019,1509843.0907942294,0.027941873862306614,0.10315010913164263,0.002501860983879819
AL0342,United Kingdom,EUR,2019,787412.363198226,-0.010120976857477468,0.10315010913164263,0.001304768874144373
AL0343,"Korea, Rep.",APAC,2019,1730972.2619665838,-0.003198689442966786,0.10315010913164263,0.002868279487317004
AL0344,France,EUR,2019,172835.12429525805,-0.01200028476234443,0.10315010913164263,0.00028639363703076117
AL0345,United States,NAM,2019,966019.1215445601,0.03770594319726623,0.10315010913164263,0.0016007263036868604
AL0346,Canada,NAM,2019,2005493.652605797,0.0014602642066853452,0.10315010913164263,0.0033231707012903646
AL0347,Brazil,LAM,2019,363414.5452983223,-0.012455515611675065,0.10315010913164263,0.0006021901728728781
AL0348,Mexico,LAM,2019,1530363.045491074,0.03952423592158013,0.10315010913164263,0.00253586324170385
AL0349,China,APAC,2019,266723.5112176506,0.05100126884109488,0.10315010913164263,0.0004419698644630985
AL0350,Germany,EUR,2019,1272798.4127048915,-0.04043236726669462,0.10315010913164263,0.0021090699480668857
AL0351,China,APAC,2019,1770882.3321966536,0.09758691300540567,0.10315010913164263,0.002934411821319997
AL0352,United States,NAM,2019,237472.38184690167,0.03129124536766729,0.10315010913164263,0.0003934997553813651
AL0353,United States,NAM,2019,641594.9317635646,0.02579330606727738,0.10315010913164263,0.00106314446648222
AL0354,United Arab Emirates,MEA,2019,992342.9988316937,0.07267100766498247,0.10315010913164263,0.001644345857222371
AL0355,United States,NAM,2019,182929.24271910216,0.0327924954852656,0.10315010913164263,0.0003031199321042403
AL0356,China,APAC,2019,617113.6477556038,0.005845641606900601,0.10315010913164263,0.0010225781522286116
AL0357,Brazil,LAM,2019,377727.8282658819,0.11778297449703494,0.10315010913164263,0.0006259077660625994
AL0358,United Arab Emirates,MEA,2019,209479.12115395517,-0.012975831749190612,0.10315010913164263,0.0003471139771728372
AL0359,China,APAC,2019,207525.80525158902,0.02609516503771167,0.10315010913164263,0.00034387726676556485
AL0360,Japan,APAC,2019,431365.57356207364,0.06388779021139984,0.10315010913164263,0.0007147873211885792
AL0361,China,APAC,2019,427967.5110222393,-0.012785819241724138,0.10315010913164263,0.0007091566168186814
AL0362,Qatar,MEA,2019,202351.40185664737,0.025918881028446222,0.10315010913164263,0.00033530310561756776
AL0363,China,APAC,2019,238148.68903586778,0.04546259638676379,0.10315010913164263,0.00039462041923015063
AL0364,United Arab Emirates,MEA,2019,1644293.3637539432,0.12606589329233087,0.10315010913164263,0.0027246496261174404
AL0365,Singapore,APAC,2019,464745.9418558789,-0.005711887222490296,0.10315010913164263,0.0007700997185966301
AL0366,Qatar,MEA,2019,1202227.9048674589,0.028093534866721517,0.10315010913164263,0.0019921322336463876
AL0367,Germany,EUR,2019,1712706.577455728,0.05634828522545622,0.10315010913164263,0.0028380126313104445
AL0368,India,APAC,2019,908223.8193074027,0.03324181417639814,0.10315010913164263,0.001504957536322681
AL0369,Brazil,LAM,2019,6863251.516458382,-0.01811389146668936,0.10315010913164263,0.0113726395121951
AL0370,China,APAC,2019,138587.34556035223,0.04632515874862469,0.10315010913164263,0.0002296439112322098
AL0371,United States,NAM,2019,957030.2954480608,0.03430199781806856,0.10315010913164263,0.0015858315153218772
AL0372,United States,NAM,2019,274038.5767738147,0.04782524826183945,0.10315010913164263,0.0004540911750953596
AL0373,Canada,NAM,2019,4482962.223582257,0.0752586448707892,0.10315010913164263,0.00742841977936111
AL0374,Kenya,AFR,2019,3720565.9484064355,0.07052785490657434,0.10315010913164263,0.0061651034077808515
AL0375,China,APAC,2019,595117.515231128,0.04631049504725321,0.10315010913164263,0.0009861298178985272
AL0376,Canada,NAM,2019,122313.55334158802,0.042423447262970884,0.10315010913164263,0.00020267768801329516
AL0377,China,APAC,2019,882686.0145995843,-0.013938868615693427,0.10315010913164263,0.0014626405315941804
AL0378,United Arab Emirates,MEA,2019,964616.6872248307,0.024627407033024806,0.10315010913164263,0.001598402422663476
AL0379,United Arab Emirates,MEA,2019,926756.707013518,0.03881286389427486,0.10315010913164263,0.0015356671570463584
AL0380,Mexico,LAM,2019,340081.6971575365,0.013959389986275016,0.10315010913164263,0.0005635268556300797
AL0381,United States,NAM,2019,716917.7076545449,0.03390434893777709,0.10315010913164263,0.0011879568495359036
AL0382,United Kingdom,EUR,2019,946573.8742309329,-0.003012796746197144,0.10315010913164263,0.0015685048722861533
AL0383,Turkey,EUR,2019,336657.6765106007,0.09137305599152937,0.10315010913164263,0.0005578531378001948
AL0384,United States,NAM,2019,1405584.6879834854,0.11608316828190347,0.10315010913164263,0.0023291012899591644
AL0385,China,APAC,2019,406546.3683923823,0.014418153513786827,0.10315010913164263,0.0006736610601594974
AL0386,France,EUR,2019,881449.1409610137,0.04601434047595665,0.10315010913164263,0.0014605909902099157
AL0387,Brazil,LAM,2019,226685.9637188858,0.020633628706077847,0.10315010913164263,0.00037562629632139
AL0388,India,APAC,2019,1347386.3552893256,0.08051444203762301,0.10315010913164263,0.002232664687518719
AL0389,Ethiopia,AFR,2019,322546.55147963075,0.0473998756500862,0.10315010913164263,0.000534470527137611
AL0390,India,APAC,2019,132483.6852994387,0.03309334031626377,0.10315010913164263,0.00021952994007935013
AL0391,"Korea, Rep.",APAC,2019,630514.6855771346,0.021053479871639434,0.10315010913164263,0.0010447841244078458
AL0392,South Africa,AFR,2019,136342.29106310662,0.035045093901937385,0.10315010913164263,0.0002259237801221697
AL0393,"Korea, Rep.",APAC,2019,137456.7954049671,-0.010014821808198363,0.10315010913164263,0.0002277705514497774
AL0394,Australia,APAC,2019,529856.480332461,0.057021299659786404,0.10315010913164263,0.0008779900794209967
AL0395,United Kingdom,EUR,2019,412281.48205807287,0.0014402037353183385,0.10315010913164263,0.0006831643371594667
AL0396,China,APAC,2019,836408.1376823101,0.051395275167678375,0.10315010913164263,0.0013859565268906082
AL0397,India,APAC,2019,1492859.901327821,0.0351854055327334,0.10315010913164263,0.002473719265467547
AL0398,China,APAC,2019,325989.1122244095,0.07379772504991056,0.10315010913164263,0.0005401749665356597
AL0399,Mexico,LAM,2019,1425626.9209349086,0.0293202868924005,0.10315010913164263,0.00236231194671994
AL0400,Turkey,EUR,2019,387761.2338386296,0.07092283944664912,0.10315010913164263,0.0006425334578917386
AL0401,United Kingdom,EUR,2019,344578.29011542635,-0.006894109271122419,0.10315010913164263,0.0005709778619964535
AL0402,Chile,LAM,2019,809723.3823660496,0.05437778866714191,0.10315010913164263,0.0013417389862751706
AL0403,United States,NAM,2019,1451270.0021077779,0.021036139066464232,0.10315010913164263,0.00240480339810587
AL0404,United Arab Emirates,MEA,2019,255744.48963682933,0.03776871610860486,0.10315010913164263,0.00042377725497823993
AL0405,United States,NAM,2019,294628.0153947963,0.03286998122102141,0.10315010913164263,0.000488208570127929
AL0406,Canada,NAM,2019,319958.55069863546,0.0674516448709915,0.10315010913164263,0.00053018212245523
AL0407,Turkey,EUR,2019,420963.84023502556,-0.050784500064194896,0.10315010913164263,0.0006975512978333479
AL0408,India,APAC,2019,134611.15851348528,0.04292326967117194,0.10315010913164263,0.00022305523503279636
AL0409,China,APAC,2019,1370047.2186384937,-0.0297799456324951,0.10315010913164263,0.002270214503271092
AL0410,India,APAC,2019,239394.4975304797,0.07827267338220381,0.10315010913164263,0.0003966847659725768
AL0411,"Korea, Rep.",APAC,2019,685584.0761787492,-0.048909727782436394,0.10315010913164263,0.0011360359641468631
AL0412,Japan,APAC,2019,138176.85273936714,-0.010151271354556464,0.10315010913164263,0.00022896371076684547
AL0413,Kenya,AFR,2019,626764.5355633232,-0.036955166588268,0.10315010913164263,0.0010385699992047324
AL0414,France,EUR,2019,647362.0775619491,0.09556944396351442,0.10315010913164263,0.0010727008218076829
AL0415,Germany,EUR,2019,247328.96241048654,-0.02155994091155706,0.10315010913164263,0.0004098324421995226
AL0416,"Korea, Rep.",APAC,2019,5464724.734403378,0.03455658016295845,0.10315010913164263,0.009055233410681693
AL0417,South Africa,AFR,2019,642837.7784165945,0.008568293838572116,0.10315010913164263,0.001065203905353133
AL0418,United Kingdom,EUR,2019,3559910.1367332377,-0.04199049617352196,0.10315010913164263,0.005898891303020161
AL0419,Japan,APAC,2019,1320773.640811414,0.01650848019929607,0.10315010913164263,0.0021885665210050077
AL0420,China,APAC,2019,168707.20605531102,0.05650941003438049,0.10315010913164263,0.00027955353712095084
AL0421,Qatar,MEA,2019,276194.3842583775,0.022629267231567208,0.10315010913164263,0.0004576634208918063
AL0422,India,APAC,2019,633404.3285737375,0.06764319973698515,0.10315010913164263,0.001049572360426954
AL0423,United States,NAM,2019,442163.8069747916,0.015523009329884926,0.10315010913164263,0.0007326803585742689
AL0424,Australia,APAC,2019,422395.4115968908,0.030274338429902303,0.10315010913164263,0.0006999234599194135
AL0425,United States,NAM,2019,288049.87035144115,0.014608049839215142,0.10315010913164263,0.0004773083616687735
AL0426,Kenya,AFR,2019,263175.4122483592,0.04374273233733409,0.10315010913164263,0.0004360905446633537
AL0427,France,EUR,2019,298892.425854881,0.10595647199807642,0.10315010913164263,0.0004952748422554006
AL0428,Germany,EUR,2019,1678203.404843615,0.04448962358870693,0.10315010913164263,0.0027808397092335497
AL0429,Australia,APAC,2019,620294.3815187543,0.037777650563206734,0.10315010913164263,0.0010278487354770664
AL0430,Qatar,MEA,2019,161675.03599569242,0.0052634135825902935,0.10315010913164263,0.0002679009938789158
AL0431,Australia,APAC,2019,166192.02545074074,-0.00021921522258632267,0.10315010913164263,0.00027538579792980383
AL0432,United States,NAM,2019,285934.54362563504,0.0885627720638589,0.10315010913164263,0.00047380319385648866
AL0433,Turkey,EUR,2019,486740.2351179545,-0.014489538085166856,0.10315010913164263,0.0008065450052068114
AL0434,Qatar,MEA,2019,123973.51317393509,-0.006525673890103965,0.10315010913164263,0.00020542829750687654
AL0435,Chile,LAM,2019,537430.2523984847,0.026101953666199225,0.10315010913164263,0.0008905400754757631
AL0436,United States,NAM,2019,120166.13135662908,0.01294758271216527,0.10315010913164263,0.0001991193372728428
AL0437,France,EUR,2019,499337.97179951577,0.10824756209938954,0.10315010913164263,0.0008274198802722796
AL0438,Singapore,APAC,2019,119385.17713417218,-0.06464927706957008,0.10315010913164263,0.00019782526975597697
AL0439,Qatar,MEA,2019,2726451.070696074,0.04445448504510767,0.10315010913164263,0.0045178214874260075
AL0440,United States,NAM,2019,472258.9375368132,0.0585084181241199,0.10315010913164263,0.0007825490061290845
AL0441,Turkey,EUR,2019,925542.0181384457,-0.014819743292465111,0.10315010913164263,0.0015336543765643168
AL0442,China,APAC,2019,621874.7321575448,0.004216914917076028,0.10315010913164263,0.0010304674298487841
AL0443,China,APAC,2019,523861.6457804107,0.0473043986001091,0.10315010913164263,0.0008680564361424097
AL0444,Brazil,LAM,2019,294144.03071367263,0.09518052400211921,0.10315010913164263,0.00048740659116873665
AL0445,China,APAC,2019,381820.75030275236,-0.006820534911380002,0.10315010913164263,0.0006326898760822052
AL0446,France,EUR,2019,812143.4400631997,-0.03316889040758679,0.10315010913164263,0.0013457491035967347
AL0447,India,APAC,2019,3662771.9989651525,0.06889878319604008,0.10315010913164263,0.006069336882045115
AL0448,"Korea, Rep.",APAC,2019,490529.7383462488,0.0909497303466868,0.10315010913164263,0.0008128243400151516
AL0449,Qatar,MEA,2019,491368.3946039397,0.016598736345782225,0.10315010913164263,0.0008142140217528082
AL0450,India,APAC,2019,112538.33188296246,-0.058551471003529434,0.10315010913164263,0.00018647981597928452
AL0451,France,EUR,2019,836287.7166463569,0.08807457876546379,0.10315010913164263,0.0013857569851678116
AL0452,Singapore,APAC,2019,283417.27119085816,0.02205878443916196,0.10315010913164263,0.0004696319884320551
AL0453,Ethiopia,AFR,2019,1256285.9828912152,0.07495593108704308,0.10315010913164263,0.0020817082942951957
AL0454,Japan,APAC,2019,371046.0128172582,0.028260725311135253,0.10315010913164263,0.0006148357722413055
AL0455,Japan,APAC,2019,3771530.9413034082,0.014974138150771156,0.10315010913164263,0.00624955412193127
AL0456,Germany,EUR,2019,6286807.433885756,0.011923492516409999,0.10315010913164263,0.010417452202752095
AL0457,Qatar,MEA,2019,273031.3378835569,0.08893780071726715,0.10315010913164263,0.00045242214624305896
AL0458,Germany,EUR,2019,1258849.899381175,0.08737805111994223,0.10315010913164263,0.0020859567904940833
AL0459,Australia,APAC,2019,251089.00379083617,-0.055513984751156764,0.10315010913164263,0.00041606295773098884
AL0460,Germany,EUR,2019,153330.76354246095,-0.007450199245931842,0.10315010913164263,0.00025407425266528325
AL0461,France,EUR,2019,295504.60786932823,0.10108315312151936,0.10315010913164263,0.0004896611134578722
AL0462,India,APAC,2019,498542.81670982053,0.015308261841160412,0.10315010913164263,0.0008261022814388833
AL0463,United Arab Emirates,MEA,2019,490171.51550772187,-0.024418936145503417,0.10315010913164263,0.0008122307526757058
AL0464,United Kingdom,EUR,2019,7940591.555616727,0.03017862949277322,0.10315010913164263,0.013157828335309143
AL0465,Ethiopia,AFR,2019,1580075.4062345608,0.025665328111532475,0.10315010913164263,0.0026182383020786756
AL0466,Germany,EUR,2019,558837.3289532781,0.026106198588253145,0.10315010913164263,0.0009260123241736015
AL0467,South Africa,AFR,2019,130834.89652207393,0.01081748467455055,0.10315010913164263,0.00021679784140108424
AL0468,India,APAC,2019,244635.74633495903,0.017596920210428683,0.10315010913164263,0.0004053696922213274
AL0469,France,EUR,2019,1353273.5945149772,0.011763689777959083,0.10315010913164263,0.0022424200417083236
AL0470,"Korea, Rep.",APAC,2019,142184.42921498016,0.04335626585914705,0.10315010913164263,0.00023560440030960886
AL0471,United States,NAM,2019,172579.2667428871,-0.0025095946978328093,0.10315010913164263,0.00028596967242701474
AL0472,Germany,EUR,2019,1264091.750471281,0.018414228049974068,0.10315010913164263,0.0020946427147504544
AL0473,Brazil,LAM,2019,1159674.6054793904,0.02423704417760306,0.10315010913164263,0.0019216199796754387
AL0474,Turkey,EUR,2019,242329.97338746584,0.08222963625416482,0.10315010913164263,0.00040154894858896475
AL0475,Qatar,MEA,2019,228399.35479269948,0.044936445363606414,0.10315010913164263,0.0003784654431862788
AL0476,Japan,APAC,2019,330089.37958831975,0.025611988794212295,0.10315010913164263,0.0005469692480101979
AL0477,Japan,APAC,2019,168331.01215124523,0.05144751882618384,0.10315010913164263,0.0002789301711190834
AL0478,Turkey,EUR,2019,709869.2084477937,0.04624473147504216,0.10315010913164263,0.0011762772483456885
AL0479,France,EUR,2019,1007851.2190630666,0.07351339426361567,0.10315010913164263,0.0016700435018073311
AL0480,China,APAC,2019,171421.2850676708,0.050260528497320406,0.10315010913164263,0.0002840508576899499
AL0481,China,APAC,2019,702780.760074511,0.10175642782205052,0.10315010913164263,0.0011645314500375785
AL0482,China,APAC,2019,4340942.801162613,0.08378468185332433,0.10315010913164263,0.007193088800883109
AL0483,France,EUR,2019,1698371.8202223827,0.028359943633745444,0.10315010913164263,0.002814259454537201
AL0484,Canada,NAM,2019,195672.8733576216,0.013419614325115872,0.10315010913164263,0.00032423655838274704
AL0485,United Kingdom,EUR,2019,1142747.7455443416,0.06530223013699615,0.10315010913164263,0.0018935716011986923
AL0486,France,EUR,2019,1717768.2896697333,0.05066516129557097,0.10315010913164263,0.0028464000593664196
AL0487,Germany,EUR,2019,164896.73415647232,0.026217241362551737,0.10315010913164263,0.00027323945651747556
AL0488,Turkey,EUR,2019,124290.35070903836,-0.02907806126197062,0.10315010913164263,0.00020595330800110383
AL0489,Kenya,AFR,2019,322272.2888230456,-0.04329495369361597,0.10315010913164263,0.0005340160646547018
AL0490,Brazil,LAM,2019,1102607.8540750456,0.04393034202780562,0.10315010913164263,0.0018270584456419943
AL0491,Germany,EUR,2019,2519589.7637758367,0.060833690618480936,0.10315010913164263,0.004175045316833415
AL0492,China,APAC,2019,1028775.4723248765,0.062137419283683805,0.10315010913164263,0.0017047156960053416
AL0493,Brazil,LAM,2019,279918.21489057166,-0.021486870538554345,0.10315010913164263,0.000463833933990861
AL0494,United Arab Emirates,MEA,2019,294052.8398227432,0.07149375369772673,0.10315010913164263,0.00048725548478325024
AL0495,"Korea, Rep.",APAC,2019,315812.7591095441,0.00863370737726894,0.10315010913164263,0.0005233124058023633
AL0496,United States,NAM,2019,519051.2347175821,0.04553686087095235,0.10315010913164263,0.0008600854225795474
AL0497,Brazil,LAM,2019,539377.9728871947,0.04666765498673327,0.10315010913164263,0.0008937675140936684
AL0498,United Kingdom,EUR,2019,306909.0953580899,-0.002099457422788789,0.10315010913164263,0.0005085587343187719
AL0499,United Arab Emirates,MEA,2019,1642159.0357004039,0.006346998040660041,0.10315010913164263,0.002721112972463489
AL0500,China,APAC,2019,2036392.432657727,-0.0529221097289406,0.10315010913164263,0.003374371023186558
AL0501,France,EUR,2019,414465.9516858604,-0.00666962182983985,0.10315010913164263,0.000686784077095063
AL0502,Ethiopia,AFR,2019,170348.39063872246,-0.04210168236614974,0.10315010913164263,0.0002822730353930675
AL0503,Ethiopia,AFR,2019,471658.8029782301,0.04749428525871573,0.10315010913164263,0.0007815545629009428
AL0504,United Arab Emirates,MEA,2019,550155.926426571,0.03245667664246544,0.10315010913164263,0.0009116269470444464
AL0505,India,APAC,2019,133095.91551418335,0.06656208276290584,0.10315010913164263,0.00022054442621818215
AL0506,France,EUR,2019,176079.00358684774,0.04426168924757275,0.10315010913164263,0.0002917688545520566
AL0507,Germany,EUR,2019,1145813.884978352,0.00460969125536894,0.10315010913164263,0.0018986522977742888
AL0508,Qatar,MEA,2019,622716.7370434216,0.04384804262993411,0.10315010913164263,0.0010318626603764167
AL0509,China,APAC,2019,169672.82476580102,0.014382995450004621,0.10315010913164263,0.00028115359992999974
AL0510,United Kingdom,EUR,2019,5206012.917979615,0.05436246762539089,0.10315010913164263,0.00862653919502064
AL0511,"Korea, Rep.",APAC,2019,7880620.310251095,0.04261491863157635,0.10315010913164263,0.013058453956706642
AL0512,India,APAC,2019,143062.66342827515,-0.009542929137104132,0.10315010913164263,0.00023705966405611865
AL0513,United States,NAM,2019,551464.8245446522,0.03008796318652699,0.10315010913164263,0.0009137958354232901
AL0514,Australia,APAC,2019,9009238.728832057,0.03221336187003494,0.10315010913164263,0.014928612786026127
AL0515,Ethiopia,AFR,2019,1038190.554642615,0.017691561909743896,0.10315010913164263,0.0017203168053221887
AL0516,France,EUR,2019,502827.4547790054,0.06579626303991269,0.10315010913164263,0.0008332020713976536
AL0517,United States,NAM,2019,325818.15121564135,0.0985220360281356,0.10315010913164263,0.00053989167837134
AL0518,"Korea, Rep.",APAC,2019,205612.0142173523,0.015290651478012647,0.10315010913164263,0.00034070605039940776
AL0519,China,APAC,2019,318624.006525401,0.01597206067732257,0.10315010913164263,0.0005279707376970145
AL0520,Japan,APAC,2019,195162.50742293877,-0.05992252711516406,0.10315010913164263,0.00032339086479559907
AL0521,Germany,EUR,2019,930653.1468179565,0.02484322372664574,0.10315010913164263,0.001542123689372266
AL0522,Singapore,APAC,2019,251020.68976825228,0.012552691993017034,0.10315010913164263,0.00041594975908882753
AL0523,China,APAC,2019,226857.49499766165,-0.056447165901929414,0.10315010913164263,0.00037591052944236855
AL0524,United Arab Emirates,MEA,2019,1858513.2609394134,0.04153974676844723,0.10315010913164263,0.003079619229254907
AL0525,Qatar,MEA,2019,402846.0833128944,0.053640528191399736,0.10315010913164263,0.0006675295628363328
AL0526,Singapore,APAC,2019,130363.41586348052,0.0006357305124361709,0.10315010913164263,0.0002160165820294443
AL0527,China,APAC,2019,312779.74756457505,0.015095506829597781,0.10315010913164263,0.0005182866032575284
AL0528,Canada,NAM,2019,1437530.5379342102,-0.008659352510886703,0.10315010913164263,0.0023820366420337657
AL0529,China,APAC,2019,641553.4369057337,0.06050168500578955,0.10315010913164263,0.0010630757081016493
AL0530,United Kingdom,EUR,2019,735634.7817839733,-0.030697759658297283,0.10315010913164263,0.0012189716733823806
AL0531,China,APAC,2019,616849.3921121178,0.017469548382471535,0.10315010913164263,0.0010221402717043118
AL0532,United States,NAM,2019,428686.1689785548,0.10804288671149104,0.10315010913164263,0.000710347457319011
AL0533,France,EUR,2019,343276.3719743336,0.03206351736047451,0.10315010913164263,0.0005688205396751705
AL0534,India,APAC,2019,308136.707925704,0.048717274064432936,0.10315010913164263,0.0005105929297957461
AL0535,"Korea, Rep.",APAC,2019,989880.2691928963,0.024133834922319915,0.10315010913164263,0.0016402650310526061
AL0536,China,APAC,2019,541328.622879331,-0.016977034669343777,0.10315010913164263,0.0008969998069976708
AL0537,United States,NAM,2019,2090326.293569653,0.02869314851121496,0.10315010913164263,0.0034637412518866597
AL0538,United Kingdom,EUR,2019,416363.7726844735,0.0462589470483937,0.10315010913164263,0.0006899288305729362
AL0539,India,APAC,2019,147584.98577979268,-0.010905665591978052,0.10315010913164263,0.00024455330489653055
AL0540,United Arab Emirates,MEA,2019,216459.2746727155,0.04366455664532988,0.10315010913164263,0.0003586803272502426
AL0541,Chile,LAM,2019,153705.86833061808,0.0797964011601687,0.10315010913164263,0.0002546958139653142
AL0542,Japan,APAC,2019,457614.3197837553,0.07278757604159677,0.10315010913164263,0.000758282380011707
AL0543,Singapore,APAC,2019,165088.35013666956,-0.033309811198765304,0.10315010913164263,0.0002735569706669036
AL0544,India,APAC,2019,1482201.9233585629,-0.009011183562188788,0.10315010913164263,0.002456058636087635
AL0545,India,APAC,2019,142476.34791128998,-0.034547172888646144,0.10315010913164263,0.00023608811944652818
AL0546,United Kingdom,EUR,2019,143418.3073493229,0.07284620824951604,0.10315010913164263,0.00023764897804221988
AL0547,China,APAC,2019,162525.57394287278,0.0544131740310409,0.10315010913164263,0.0002693103639772619
AL0548,France,EUR,2019,290292.8565801413,0.05812562242683042,0.10315010913164263,0.0004810250655879951
AL0549,United Arab Emirates,MEA,2019,403146.6184658759,-0.005134012223074927,0.10315010913164263,0.0006680275597329066
AL0550,United States,NAM,2019,1552282.665689856,-0.016666638384017454,0.10315010913164263,0.00257218479252669
AL0551,France,EUR,2019,923290.28601828,0.0330763092786914,0.10315010913164263,0.0015299231804076167
AL0552,Singapore,APAC,2019,6530177.714183172,0.03403934619596132,0.10315010913164263,0.01082072497501859
AL0553,United States,NAM,2019,156678.5856824367,-0.004170136439874732,0.10315010913164263,0.0002596217069961624
AL0554,United States,NAM,2019,3534627.1463478697,0.03568703541463036,0.10315010913164263,0.005856996534228202
AL0555,China,APAC,2019,614570.4510665139,0.0557827220287075,0.10315010913164263,0.0010183639894394045
AL0556,China,APAC,2019,385077.1659336671,0.03912063114360162,0.10315010913164263,0.0006380858667410732
AL0557,Canada,NAM,2019,1473667.5123783085,-0.011575181467305934,0.10315010913164263,0.0024419168289143726
AL0558,United States,NAM,2019,9603738.784320215,-0.054506486460532286,0.10315010913164263,0.01591371945228097
AL0559,China,APAC,2019,2047070.266736199,0.019644802117738683,0.10315010913164263,0.0033920645548099126
AL0560,China,APAC,2019,502573.1321085506,0.03657419643957954,0.10315010913164263,0.0008327806501450701
AL0561,United Arab Emirates,MEA,2019,594110.0137679949,0.019596647991571455,0.10315010913164263,0.0009844603539541062
AL0562,United States,NAM,2019,906533.2195112545,0.012865994537799408,0.10315010913164263,0.0015021561553744704
AL0563,France,EUR,2019,180602.5554384973,0.0023421921444845804,0.10315010913164263,0.0002992645327157034
AL0564,China,APAC,2019,1673693.534149893,0.05862552046595776,0.10315010913164263,0.002773366701210557
AL0565,China,APAC,2019,432382.3588712551,0.027905012871579447,0.10315010913164263,0.0007164721687793876
AL0566,India,APAC,2019,118048.42878713804,0.03492882301504006,0.10315010913164263,0.00019561023260734764
AL0567,China,APAC,2019,361560.61524885404,-0.00886094479149193,0.10315010913164263,0.000599118148179791
AL0568,Singapore,APAC,2019,477767.89245681313,0.005183133066078829,0.10315010913164263,0.0007916775304508076
AL0569,Germany,EUR,2019,7443911.2065894855,0.03655191578591789,0.10315010913164263,0.0123348122257097
AL0570,Germany,EUR,2019,130480.94948265175,-0.010216713446192432,0.10315010913164263,0.00021621133920513466
AL0571,Ethiopia,AFR,2019,320059.37694991956,-0.020371959019127278,0.10315010913164263,0.0005303491949581786
AL0572,China,APAC,2019,355118.99312853615,0.016833959932186175,0.10315010913164263,0.0005884441628140382
AL0573,Chile,LAM,2019,675263.6062845752,0.07803883090132235,0.10315010913164263,0.0011189345970439028
AL0574,Mexico,LAM,2019,1560809.9049503491,0.037638071130437226,0.10315010913164263,0.002586314715918142
AL0575,Japan,APAC,2019,205634.78664171923,0.08838398032910955,0.10315010913164263,0.0003407437850755336
AL0576,United States,NAM,2019,135120.4891066184,0.024739093848043427,0.10315010913164263,0.00022389921302403638
AL0577,Japan,APAC,2019,813380.7665938981,0.017597385565672394,0.10315010913164263,0.001347799395438548
AL0578,Singapore,APAC,2019,127058.85617750521,-0.02568949538754562,0.10315010913164263,0.00021054081504567464
AL0579,India,APAC,2019,786916.3291363964,0.006951018145511873,0.10315010913164263,0.001303946928954483
AL0580,China,APAC,2019,472266.1233701886,0.0874073494866129,0.10315010913164263,0.0007825609132976295
AL0581,Kenya,AFR,2019,108241.5770798648,0.04310201090006092,0.10315010913164263,0.00017935994818327834
AL0582,Brazil,LAM,2019,268488.7368782729,0.059324844089585535,0.10315010913164263,0.0004448949029886126
AL0583,United States,NAM,2019,413668.89649293525,0.058203913286105954,0.10315010913164263,0.0006854633297264545
AL0584,United Kingdom,EUR,2019,805078.4899606422,0.029618182401230656,0.10315010913164263,0.0013340422427166757
AL0585,United States,NAM,2019,191186.04495948093,0.02180776053745731,0.10315010913164263,0.00031680173222159463
AL0586,South Africa,AFR,2019,313025.71777664725,0.03476734292727692,0.10315010913164263,0.0005186941842045368
AL0587,Mexico,LAM,2019,543351.941426102,0.056852083622671856,0.10315010913164263,0.0009003525141504809
AL0588,Canada,NAM,2019,436512.98449949815,0.04831464854031404,0.10315010913164263,0.0007233167549230239
AL0589,Singapore,APAC,2019,2883409.367286278,0.04967888847067729,0.10315010913164263,0.004777906684841257
AL0590,Japan,APAC,2019,1001800.1885696443,0.03616576701680571,0.10315010913164263,0.0016600167399563384
AL0591,Japan,APAC,2019,292919.26365796925,-0.0007973567476299882,0.10315010913164263,0.0004853771108010822
AL0592,Turkey,EUR,2019,534359.8593957461,0.019536183168466482,0.10315010913164263,0.0008854523305931552
AL0593,Kenya,AFR,2019,273142.43330032576,-0.00765812304769032,0.10315010913164263,0.00045260623509997165
AL0594,Singapore,APAC,2019,141195.14910048648,0.07018631462247064,0.10315010913164263,0.0002339651297551581
AL0595,United Kingdom,EUR,2019,383834.1397432957,-0.054081756702859723,0.10315010913164263,0.0006360261303707228
AL0596,United Arab Emirates,MEA,2019,403680.55311161355,0.02128544338396124,0.10315010913164263,0.0006689123074701102
AL0597,United States,NAM,2019,381054.7702987995,0.12548846140952669,0.10315010913164263,0.0006314206213510307
AL0598,Australia,APAC,2019,1332378.7337284468,0.01633861799049179,0.10315010913164263,0.002207796551834338
AL0599,"Korea, Rep.",APAC,2019,337102.5352510431,-0.015391384872243653,0.10315010913164263,0.000558590283754524
AL0600,France,EUR,2019,130477.48442768588,0.029281803611541344,0.10315010913164263,0.0002162055974920527
